target	binder	netmhc_allele	mhc	mismatches	peptide	netmhcpan_rank_el	vanilla_alphafold_inter_pae	vanilla_alphafold_peptide_plddt	finetuned_alphafold_inter_pae
VPDIKLDAVL_2528	1	HLA-B07:02	B*07:02	4	VPDIKLDAVL	0.462	7.336486101150513	76.66273659738862	9.938186407089232
TPRRGTGTTG_2526	1	HLA-B07:02	B*07:02	4	TPRRGTGTTG	1.135	7.095741152763367	76.9789583749769	12.48292851448059
RPAGARAAF_2516	1	HLA-B07:02	B*07:02	3	RPAGARAAF	0.006	5.631198763847351	81.43197184154835	1.376880347728729
KPRLCTREEF_2539	1	HLA-B07:02	B*07:02	5	KPRLCTREEF	0.109	8.265715599060059	72.74183471855146	15.649662494659426
QPEWFRNIL_2534	1	HLA-B07:02	B*07:02	5	QPEWFRNIL	0.11	6.942119717597961	78.29541355053081	1.199262261390686
IPGRSTKPV_2496	1	HLA-B07:02	B*07:02	5	IPGRSTKPV	0.3670000000000001	5.302629232406616	84.49465012930978	1.6173522174358368
LPRYNIATSV_2497	1	HLA-B07:02	B*07:02	4	LPRYNIATSV	0.298	7.768024206161499	75.47457908529081	2.2737743258476257
RPASGYSTL_2541	1	HLA-B07:02	B*07:02	5	RPASGYSTL	0.004	4.895822763442993	87.8472732943075	0.8685171902179718
RPSFLLSSL_2519	1	HLA-B07:02	B*07:02	5	RPSFLLSSL	0.009000000000000001	5.937241196632385	83.67197900579085	1.7286016345024109
